{"eye_x":[0.17065992853141282,0.17066939212197063,0.17067918038011404,0.17068899093286474,0.17069836026539859,0.17070716585290432,0.1707146450013472,0.17072071520912249,0.17072497993068803,0.17072806817462735,0.17073109895676328,0.17073603375878785,0.17074499504519691,0.17076125413659421,0.17078670501088838,0.17082289591626662,0.170870415045216,0.17092838242000616,0.17099447835369602,0.1710648771303207,0.17113544961145966,0.17120244651487138,0.17126101772778313,0.17130731965677715,0.1713394910473785,0.17135746972976454,0.17136412996988054,0.17136521948764855,0.17136670667999457,0.17137694232220749,0.17140347032226924,0.17145135671579678,0.17152057026111356,0.17160779698447434,0.17170636788886692,0.17180769020737738,0.17190397778372049,0.17199014236703061,0.17206318264770828,0.17212611652600379,0.17218321406911671,0.17223941423344852,0.17229892582587697,0.17236364902850648,0.17243311823453231,0.17250466851321322,0.17257462479069474,0.1726408352657498,0.17270117829636417,0.1727541494441843],"eye_y":[1.3591942188040302,1.359160167671664,1.35912877278749,1.3591084203650152,1.3591096286720838,1.3591450283127373,1.359227642199109,1.3593694680157329,1.3595720565779175,1.3598314858968314,1.3601340794825443,1.3604566955775428,1.360774882425333,1.3610707628674983,1.3613229008361265,1.3615211157053371,1.3616634653632254,1.361756558880943,1.3618149244514197,1.3618550269402268,1.361901156893476,1.3619784256260066,1.3620988066435593,1.3622654091019333,1.3624748472662858,1.3627062697980774,1.3629349686320578,1.3631431399984804,1.3633183401678688,1.3634642152800964,1.3636045230710212,1.3637725622397343,1.3640014552101276,1.3643201053479603,1.3647418659397914,1.3652586826000408,1.3658457301872184,1.36646784974899,1.3670808595021693,1.3676567416761318,1.3681714544552688,1.3686144491786305,1.368986587278189,1.36929617864708,1.369555587347117,1.3697715061605595,1.3699491375744848,1.3700960266664921,1.3702131089887311,1.3703001094313714],"flag_saccade":[false,false,false,false,false,false,false,false,false,false,false,false,false,false,false,false,false,false,false,false,false,false,false,false,false,false,false,false,false,false,false,false,false,false,false,false,false,false,false,false,false,false,false,false,false,false,false,false,false,false],"saccade_amplitude":null,"saccade_angle":null,"path_x":[0.2725,0.2725,0.2725,0.2725,0.3075,0.3425,0.3775,0.3775,0.3775,0.3775,0.3775,0.4125,0.4475,0.4825,0.5175,0.5175,0.5175,0.5175,0.5525,0.58749999999999991,0.6225,0.6575,0.6575,0.6575,0.6575,0.6575],"path_y":[0.78249999999999986,0.74749999999999994,0.71249999999999991,0.67749999999999988,0.67749999999999988,0.67749999999999988,0.67749999999999988,0.6425,0.60749999999999993,0.5725,0.5375,0.5375,0.5375,0.5375,0.5375,0.5725,0.60749999999999993,0.6425,0.6425,0.6425,0.6425,0.6425,0.67749999999999988,0.71249999999999991,0.74749999999999994,0.78249999999999986],"maze_id":349,"pair_maze_id":113}