{"eye_x":[0.51640000045299528,0.51640000045299528,0.51640000045299528],"eye_y":[0.30970000028610228,0.30970000028610228,0.30970000028610228],"flag_saccade":[false,false,false],"saccade_amplitude":null,"saccade_angle":null,"path_x":[0.3425,0.3425,0.3425,0.3425,0.3775,0.4125,0.4475,0.4475,0.4475,0.4475,0.4475,0.4475,0.4475,0.4475,0.4825,0.5175,0.5525,0.58749999999999991,0.6225,0.6225,0.6225,0.6225,0.6225,0.6225,0.6225,0.6225,0.58749999999999991,0.5525,0.5175,0.5175,0.5175],"path_y":[0.78249999999999986,0.74749999999999994,0.71249999999999991,0.67749999999999988,0.67749999999999988,0.67749999999999988,0.67749999999999988,0.6425,0.60749999999999993,0.5725,0.5375,0.5025,0.46749999999999992,0.4325,0.4325,0.4325,0.4325,0.4325,0.4325,0.39749999999999996,0.36249999999999993,0.3275,0.2925,0.25749999999999995,0.22249999999999998,0.1875,0.1875,0.1875,0.1875,0.1525,0.11750000000000001],"maze_id":211,"pair_maze_id":224}